{
    "email": "yuliusmantio30@gmail.com",
    "password": "yulius30",
    "appName": "DESKTOPWIN\t7.3.0\tWindows\t10.0",
    "autoAdd": {
        "status": true,
        "message": "Cie Nge'add @! Bau mmk ",
        "reply": true
    },
    "autoJoin": {
        "status": false,
        "message": "already deactive",
        "reply": false,
        "ticket": false
    },
    "JoinPurge": {
        "status": false
    },
    "autoPurge": {
        "status": false
    },
    "autokomen": {
        "status": true,
        "message": "Self By TCR"
    },
    "autolike": {
        "status": false,
        "message": "Ngemis ya? @!"
    },
    "addSticker": {
        "name": "",
        "status": false
    },
    "addStickers": {
        "name": "",
        "status": false
    },
    "messageSticker": {
        "addName": "addSticker",
        "addStatus": true,
        "listSticker": {
            "addSticker": {
                "STKID": "",
                "STKPKGID": "",
                "STKVER": "",
                "status": false
            },
            "leaveSticker": null,
            "mentionSticker": {
                "STKID": "11979804",
                "STKPKGID": "1295985",
                "STKVER": "1"
            },
            "readerSticker": {
                "STKID": "11979804",
                "STKPKGID": "1295985",
                "STKVER": "1"
            },
            "replySticker": null,
            "welcomeSticker": null
        }
    },
    "members": 500,
    "groupjoin": 150,
    "namegrup": "lpm",
    "apikey": "imjustgood",
    "main": "api.imjustgood.com",
    "autoRead": false,
    "autoRead1": false,
    "autoRespond": {
        "status": false,
        "message": "[ Sleep Mode ]\nSorry, I'm busy right now @!"
    },
    "autoRespondMention": {
        "status": false,
        "message": "sange ya? @!"
    },
    "Addimage": false,
    "runtime": 1584023403.734488,
    "receivercount": 3827731,
    "sendcount": 1991738,
    "silent": [],
    "protectkick": [],
    "protectinvite": [],
    "protectjoin": [],
    "protectcancel": [],
    "protectqr": [],
    "team": [],
    "whitelist": [
        "u608885b28632ac9febd4482d4be503a8"
    ],
    "blacklist": [],
    "changetagall": "tod",
    "musik": "lagu",
    "changealt": "menghapus anda dari grup.",
    "changeinvite": "invite",
    "changekick": "kick",
    "changeinvites": "mari",
    "changekickr": "hus",
    "changebypass": "memek",
    "changekickall": "kontol",
    "changecancelall": "palalu kek kontol",
    "changelable": "Self Tcr",
    "changecolor": "#000000",
    "changecolorb": "#000000",
    "changetext": "#ffc0cb",
    "changeteam": "..",
    "changewl": "sanlet",
    "autolikemsg": "iye napa",
    "selfbackup": [],
    "livetime": [],
    "liveview": [],
    "Img": {},
    "changeGroupPicture": [],
    "wordban": [],
    "changePictureProfile": false,
    "changeCoverProfile": false,
    "checkContact": false,
    "checkPost": false,
    "checkSticker": false,
    "defaultReplyReader": "hi @!, sini nimbrung lah",
    "greet": {
        "join": {
            "status": false,
            "message": "Welcome memek @!"
        },
        "leave": {
            "status": false,
            "message": "jangan kgn ya mek @!"
        }
    },
    "myProfile": {
        "coverId": "3a532506ea164e5a961fc146c4265167",
        "displayName": "\ud835\uddf8\ud835\uddee\ud835\uddf4\ud835\uddee\ud835\ude04\ud835\uddee\u2122",
        "pictureStatus": "0h0qK8oiyGb152QXhwBwMQCUoEYTMBb2kWDiAhPgdGMzlfJC1fSyEoPQBJMTxfJXtaGHNzPFoVZW5b",
        "statusMessage": ""
    },
    "mimic": {
        "status": false,
        "target": {}
    },
    "restartPoint": null,
    "keyCommand": "mude ",
    "setKey": {
        "status": false,
        "key": ""
    },
    "copyright": "If you respect the author please don't remove this copyright\n\u00a9 2018 Hello World",
    "author_lineid": "You can add the author by line id, https://line.me/ti/p/~zero-cool404",
    "changevp": false,
    "changeTempPicture": {
        "status": false,
        "pictureStatus": "0hwqAoR17MKF58FgGGdzhXCUBTJjMLOC4WBHcwbQwXdTwFcW1bFXJlbw0fdToCIDoLFyNgMQoVI2wE"
    },
    "changeProfileVideo": false,
    "updateProfile": false,
    "getpost": false,
    "invitekontak": false,
    "checkalbum": false,
    "detectlive": false,
    "detectTemplate": false,
    "unsendMessage": false,
    "detectcontact": false,
    "detectspam": false,
    "mentionkick": false,
    "getposttl": false,
    "responcall": false,
    "detectflex": false,
    "detectflextext": false,
    "detectimage": false,
    "detectlocation": false,
    "detectvideo": false,
    "detectkick": false,
    "temp": false,
    "temp1": false,
    "text": true,
    "footer": false,
    "autoLike": false
}