{
    "autoJoin": true,
    "creator": ["u9b6db671badc05e225fd489e0a72a3e3"],
    "restartPoint": "",
    "setKey": {
        "keyCommand": "",
        "status": false
    },
    "status": {
        "admin": [
            "u9b6db671badc05e225fd489e0a72a3e3",
            "u608885b28632ac9febd4482d4be503a8"
        ],
        "creator": [
            "u9b6db671badc05e225fd489e0a72a3e3"
        ],
        "owner": [
            "u9b6db671badc05e225fd489e0a72a3e3",
            "u608885b28632ac9febd4482d4be503a8"
        ],
        "staff": [
            "u9b6db671badc05e225fd489e0a72a3e3"
        ]
    }
}
